beta,init_threshold,lr,init_weight,d_correct,d_wrong,d_nofire,w_decay,t_decay,t_inc_winner,mean_accuracy,std_accuracy
0.999,2.5,0.05,0.1,5.0,-0.25,-0.05,1.0,0.002,3.0,0.31001751439779174,0.012621034106945492
0.999,2.5,0.05,0.25,5.0,-0.25,-0.05,1.0,0.002,3.0,0.30201768158532305,0.03318252794099764
0.999,2.5,0.05,0.5,5.0,-0.25,-0.05,1.0,0.002,3.0,0.26990625861593603,0.006825060529747981
0.999,3.0,0.05,0.1,5.0,-0.25,-0.05,1.0,0.002,3.0,0.2669162092796235,0.0103757549487389
0.999,3.0,0.05,0.25,5.0,-0.25,-0.05,1.0,0.002,3.0,0.2670545279953001,0.021857117767516226
0.999,3.0,0.05,0.5,5.0,-0.25,-0.05,1.0,0.002,3.0,0.2706926557605291,0.022182206877038944
